rank,k,T,dt,steps,J_model,J_ref,stop,a_1,a_2,a_3,a_4,a_5,a_6,a_7,a_8,a_9,a_10,a_11,a_12,a_13,a_14,a_15,a_16,a_17,a_18,a_19,a_20
5,1,20,0.005,5,0.004186136738584612,0.00414503368522274,CONVERGENCE: RELATIVE REDUCTION OF F <= FACTR*EPSMCH,2.2114528711800906e-09,,,,,,,,,,,,,,,,,,,
5,2,20,0.005,4,6.048892519245736e-06,6.683800366328453e-06,CONVERGENCE: RELATIVE REDUCTION OF F <= FACTR*EPSMCH,-2.0629813344778283e-10,0.004963820976146933,,,,,,,,,,,,,,,,,,
5,3,20,0.005,8,6.048892519200639e-06,6.6838006922619244e-06,CONVERGENCE: RELATIVE REDUCTION OF F <= FACTR*EPSMCH,-6.7454452880442224e-12,0.0049638210625179814,6.179604071415841e-10,,,,,,,,,,,,,,,,,
5,4,20,0.005,9,3.710109910135411e-06,4.204600111520911e-06,CONVERGENCE: RELATIVE REDUCTION OF F <= FACTR*EPSMCH,3.8278441724788287e-10,0.004956806304000005,-5.199986843427178e-10,-0.000181221859999925,,,,,,,,,,,,,,,,
5,5,20,0.005,17,3.7101099131311513e-06,4.204599912371516e-06,CONVERGENCE: RELATIVE REDUCTION OF F <= FACTR*EPSMCH,3.935410293653773e-09,0.004956806552431556,-9.518025710854351e-10,-0.00018122190973938644,-1.542830477418943e-08,,,,,,,,,,,,,,,
5,6,20,0.005,17,3.7100642476152905e-06,4.204519809550616e-06,CONVERGENCE: RELATIVE REDUCTION OF F <= FACTR*EPSMCH,2.125166859615975e-10,0.004956797587757699,3.5784979852977724e-10,-0.00018122259947015367,-3.87984790125771e-09,8.148598827887234e-06,,,,,,,,,,,,,,
5,7,20,0.005,24,3.7100642524292947e-06,4.204516041910251e-06,CONVERGENCE: RELATIVE REDUCTION OF F <= FACTR*EPSMCH,4.194479899121955e-09,0.0049568037343863305,-9.594614710206921e-09,-0.00018122208673165973,-8.5672557914395e-09,8.25078613929605e-06,4.0614976485404025e-08,,,,,,,,,,,,,
5,8,20,0.005,25,3.709422651563595e-06,4.200740702821819e-06,CONVERGENCE: RELATIVE REDUCTION OF F <= FACTR*EPSMCH,-2.8936713184141803e-09,0.004956874012502745,4.390978543127778e-09,-0.0001849880362178624,4.642606578108715e-07,7.380892330398807e-06,-1.4432490624094545e-07,2.994434597724689e-05,,,,,,,,,,,,
5,9,20,0.005,26,3.709422618164144e-06,4.2007363618056185e-06,CONVERGENCE: RELATIVE REDUCTION OF F <= FACTR*EPSMCH,-1.647853554638496e-09,0.004956874838767793,6.159853366298885e-09,-0.00018499277531834865,3.361740529320957e-07,7.404775557665197e-06,-1.18890020960647e-07,2.998962595172494e-05,2.539143907023344e-07,,,,,,,,,,,
5,10,20,0.005,25,3.7094002675713566e-06,4.200710391098115e-06,CONVERGENCE: RELATIVE REDUCTION OF F <= FACTR*EPSMCH,-1.4104186640117859e-09,0.004956875760840488,5.262713984686075e-09,-0.0001849926414031841,3.596901944599142e-07,7.357701272603876e-06,-1.1236920400938346e-07,2.9979550523480046e-05,2.679982380688965e-07,5.871166655181197e-06,,,,,,,,,,
5,11,20,0.005,30,3.709400064677728e-06,4.2007210962681475e-06,CONVERGENCE: RELATIVE REDUCTION OF F <= FACTR*EPSMCH,1.0762928574527297e-11,0.00495687658066205,-5.465512375631616e-09,-0.00018497667010459293,-9.33347728569767e-08,7.303265774162951e-06,6.338947705087052e-08,2.9825842074982172e-05,-3.5251371052567836e-08,6.161491479073619e-06,-3.962858450973621e-08,,,,,,,,,
5,12,20,0.005,30,3.709047229258053e-06,4.200034556258565e-06,CONVERGENCE: RELATIVE REDUCTION OF F <= FACTR*EPSMCH,3.712260464804768e-10,0.0049568482014751974,-1.1348118651904533e-08,-0.0001858297947607476,-1.3500214996895208e-07,6.70914741203884e-06,1.0617999017781479e-07,2.7465067571512837e-05,-5.758812508267121e-08,5.7605527764541276e-06,-2.7385539023871248e-08,2.396208150233332e-05,,,,,,,,
5,13,20,0.005,31,3.7090472374761127e-06,4.200036725968939e-06,CONVERGENCE: RELATIVE REDUCTION OF F <= FACTR*EPSMCH,-1.2790866071156356e-10,0.004956846611633691,-2.508564080689389e-09,-0.0001858280399077861,-1.49879337437718e-07,6.722370194939924e-06,7.288110947568568e-08,2.74587984994359e-05,-7.756368007501763e-08,5.751340209769534e-06,-6.292512746509283e-08,2.393289537489463e-05,-4.548156515613673e-08,,,,,,,
5,14,20,0.005,30,3.709033347319446e-06,4.2000211155946375e-06,CONVERGENCE: RELATIVE REDUCTION OF F <= FACTR*EPSMCH,1.1169447918507086e-09,0.004956850565526707,-1.3038503616265455e-08,-0.00018582586285144126,-1.403625818511497e-07,6.6690065241907e-06,1.191310796662766e-07,2.7437653973877616e-05,-7.755459393359717e-08,5.654057916061505e-06,-2.4139870657060604e-08,2.3926912324875312e-05,-2.8300064588073785e-08,5.0730776331545e-06,,,,,,
5,15,20,0.005,32,3.709033425585483e-06,4.200024236834106e-06,CONVERGENCE: RELATIVE REDUCTION OF F <= FACTR*EPSMCH,5.173497803691926e-10,0.0049568503625933135,-1.0133234586374923e-08,-0.00018581643389242378,-1.950465231333806e-07,6.748520775975751e-06,9.959854560571176e-08,2.7365496960466048e-05,-1.2185569109250107e-07,5.65731212711721e-06,1.655035310355966e-07,2.3996212522401836e-05,-6.977495202957127e-08,5.080068644089217e-06,-2.835121643899193e-07,,,,,
5,16,20,0.005,31,3.708906312282709e-06,4.199849050255712e-06,CONVERGENCE: RELATIVE REDUCTION OF F <= FACTR*EPSMCH,-3.3446630848132016e-10,0.004956815264819281,-9.437176321991722e-09,-0.0001859401674737008,-2.3325875998818724e-07,6.462141242699141e-06,1.0325608556609798e-07,2.6342120802935312e-05,-1.2447662853945028e-07,5.496801152256067e-06,2.4378664357548963e-07,2.2974013065180913e-05,-5.5644159647530086e-08,4.9066729086125975e-06,-2.5409689433976073e-07,1.5429298599427123e-05,,,,
5,17,20,0.005,31,3.70890633653186e-06,4.1998460880322376e-06,CONVERGENCE: RELATIVE REDUCTION OF F <= FACTR*EPSMCH,-1.31283440531022e-10,0.004956814999075268,-6.2428388497314665e-09,-0.0001859458214671311,-2.622859275064042e-07,6.474978694685028e-06,9.358031132030624e-08,2.638119298171103e-05,-1.5462836072810575e-07,5.503286445868421e-06,2.177289675848547e-07,2.2987276065353695e-05,-9.426091971552674e-08,4.90230768689345e-06,-2.800805837991953e-07,1.542020125528998e-05,-8.417938664778046e-09,,,
5,18,20,0.005,32,3.7088961068022285e-06,4.199838536620582e-06,CONVERGENCE: RELATIVE REDUCTION OF F <= FACTR*EPSMCH,9.912073424661704e-10,0.004956817402174251,-7.256068634263839e-09,-0.00018594267680488772,-2.4253801131013093e-07,6.497598886138405e-06,9.586604919069524e-08,2.6331884618996703e-05,-1.4081534992720277e-07,5.465946322490274e-06,2.2388919646425351e-07,2.2959635646703935e-05,-1.0537638434215194e-07,4.764301708668615e-06,-2.6424923603854697e-07,1.537880041971013e-05,-2.627668824247938e-09,4.619978693587115e-06,,
5,19,20,0.005,38,3.708896116968858e-06,4.199841922214546e-06,CONVERGENCE: RELATIVE REDUCTION OF F <= FACTR*EPSMCH,7.066477729765942e-10,0.004956816460815356,-8.234865655046131e-09,-0.00018593871684676356,-1.7573525471268717e-07,6.4190256018456776e-06,5.0586757849441446e-08,2.6239313497843906e-05,-1.371195039892711e-07,5.43894821789517e-06,2.4839648205869157e-07,2.297498262924249e-05,-9.29369986563117e-08,4.796023345372029e-06,1.0052075336488743e-07,1.5528495749222202e-05,-1.38935984333118e-08,4.694063869259586e-06,-3.8133419174399086e-07,
5,20,20,0.005,41,3.7088427970955954e-06,4.199781677148662e-06,CONVERGENCE: RELATIVE REDUCTION OF F <= FACTR*EPSMCH,-5.121072447380623e-10,0.004956787532537012,4.439367568743933e-09,-0.00018592742232566685,6.521904555570097e-08,6.328573917479564e-06,-6.75790484381278e-08,2.5796555042217972e-05,5.2232738128705576e-09,5.316633998719817e-06,2.1729061455959012e-08,2.2294501728119917e-05,8.912576583553748e-09,4.71643767344065e-06,6.874750760588944e-08,1.4977539614883073e-05,-1.0898515154217449e-08,4.681686491895993e-06,-6.802468273452519e-08,1.0800033796822801e-05
