rank,k,T,dt,steps,J_model,J_ref,stop,a_1,a_2,a_3,a_4,a_5,a_6,a_7,a_8,a_9,a_10
1,10,20,0.005,36,7.28223984416422e-07,0.02458731345741977,CONVERGENCE: RELATIVE REDUCTION OF F <= FACTR*EPSMCH,0.0005470008524506012,0.017285356632795568,0.0005216745043590384,0.00026215460294161304,0.0004543044849473711,0.00013189365043315184,0.00044696790715559895,9.956443980617445e-05,0.0002090921759280681,7.737626638286612e-05
2,10,20,0.005,200,5.08082201748621e-06,0.0026367681042816,STOP: TOTAL NO. OF ITERATIONS REACHED LIMIT,0.0009671996839780665,0.0012569897369035044,0.0001234278167763084,-0.0007878198354016469,-2.3147468374325548e-05,1.2376558528559097e-05,9.04029326709538e-05,-0.00043524972511073824,1.5635232141849345e-06,-6.529222226629696e-05
3,10,20,0.005,191,2.7201539576862326e-06,9.749203349429856e-05,CONVERGENCE: RELATIVE REDUCTION OF F <= FACTR*EPSMCH,-9.651630180037441e-05,0.0048616869966323075,-0.00018989861263264476,0.0010162075580122235,0.00021025750872967445,0.0001443901377857168,-0.0008379579148097339,0.0009301681339587179,-4.251583470427083e-05,-0.0031785939286239065
4,10,20,0.005,200,2.5689321305555845e-06,8.705405199907168e-05,STOP: TOTAL NO. OF ITERATIONS REACHED LIMIT,-2.4308324668619424e-05,0.0049555284139411225,-1.624914027607463e-05,0.0009440160924172465,-5.1535011974005724e-05,5.731266946082218e-06,-0.00043766821830556535,0.0006969154498720835,0.0001336812859766319,6.690959057765078e-05
5,10,20,0.005,25,3.7094002675713566e-06,4.200710391098115e-06,CONVERGENCE: RELATIVE REDUCTION OF F <= FACTR*EPSMCH,-1.4104186640117859e-09,0.004956875760840488,5.262713984686075e-09,-0.0001849926414031841,3.596901944599142e-07,7.357701272603876e-06,-1.1236920400938346e-07,2.9979550523480046e-05,2.679982380688965e-07,5.871166655181197e-06
6,10,20,0.005,200,3.7869065566263014e-06,7.011582255421263e-06,STOP: TOTAL NO. OF ITERATIONS REACHED LIMIT,-1.1041839057025284e-06,0.004923916610077931,-2.672161714174565e-05,6.8878264823940224e-06,1.6356990639803954e-05,1.7429026947565888e-05,-0.0002292692012445994,-9.103547491646359e-05,0.00024939828446732883,0.0002713097484084788
7,10,20,0.005,82,3.7081474308331137e-06,4.207694191209913e-06,CONVERGENCE: RELATIVE REDUCTION OF F <= FACTR*EPSMCH,-4.9312522877658315e-09,0.004955759642644232,-2.2864533259031653e-09,-0.00017999851756256389,3.2444228677904154e-08,5.522545567962502e-05,-5.869281907865955e-09,1.856720147330211e-05,1.9791226321783856e-07,2.6053433692884468e-05
8,10,20,0.005,200,5.5447962430119295e-06,6.076497728469486e-06,STOP: TOTAL NO. OF ITERATIONS REACHED LIMIT,2.3533571826295167e-06,0.004944855994586869,-5.443301134223144e-07,-0.00010230983382368941,-0.00015655810262717076,-0.00021813199356792993,-0.0026912743785545757,0.0014070323093761752,-1.0101683155894195e-05,-0.00021373359982908123
9,10,20,0.005,156,3.708389555724508e-06,4.212012353702589e-06,CONVERGENCE: RELATIVE REDUCTION OF F <= FACTR*EPSMCH,-9.831448348646889e-07,0.0049553159422576695,-9.143888977809956e-08,-0.00017958394989339886,-2.7194296961071152e-05,7.326326812609472e-05,7.155158280607148e-06,0.00010550493894356268,0.00014861721349123595,8.855630284060479e-05
10,10,20,0.005,200,3.7387569411528264e-06,4.211871670490643e-06,STOP: TOTAL NO. OF ITERATIONS REACHED LIMIT,-4.6608273426288967e-07,0.004955954804987816,-7.392345687635947e-07,-0.00018025279033854385,-3.945979756209657e-05,-2.6694342682156433e-05,-0.00011306187490294605,5.709506167439298e-05,9.200169186826959e-05,-0.00010296771268892684
11,10,20,0.005,122,3.7424590658470933e-06,4.2068293971879845e-06,CONVERGENCE: RELATIVE REDUCTION OF F <= FACTR*EPSMCH,1.5307535304337406e-09,0.0049576346064091285,8.579631945640966e-10,-0.00018561374220331552,-2.773879060706734e-09,1.2717973099198118e-05,-5.7152615892842655e-08,-7.576298058337825e-05,1.8105163028465734e-07,0.00011321954452480338
12,10,20,0.005,71,3.7989218459243362e-06,4.229117558731115e-06,ABNORMAL: ,2.4102900809298512e-06,0.004952804560920357,4.541608386082939e-07,-0.00018282592494101133,-1.833076603056381e-05,2.069905756592166e-05,-1.6162714732689854e-05,-6.884109875860467e-05,-0.00028589458527377776,-3.881024905627999e-05
13,10,20,0.005,133,3.767887897834111e-06,4.2169744132529095e-06,CONVERGENCE: RELATIVE REDUCTION OF F <= FACTR*EPSMCH,-3.7854817016935074e-06,0.0049543178843538755,5.205476003793761e-06,-0.0001821060523199637,1.1223836106790344e-05,1.524835565240305e-05,6.081966280188267e-05,-3.9704809278563865e-05,-3.066482911955499e-05,-0.00011996367327912251
14,10,20,0.005,0,nan,nan,Forward failed: overflow encountered in multiply,nan,nan,nan,nan,nan,nan,nan,nan,nan,nan
15,10,20,0.005,0,nan,nan,Forward failed: overflow encountered in multiply,nan,nan,nan,nan,nan,nan,nan,nan,nan,nan
16,10,20,0.005,129,3.851729665583551e-06,4.237627148641275e-06,CONVERGENCE: RELATIVE REDUCTION OF F <= FACTR*EPSMCH,1.5143650262519923e-06,0.0049514063458786246,5.521496714163324e-06,-0.00018547856132307997,9.132917318189662e-05,6.157005802017948e-05,-0.0001546032145724031,4.239896789820486e-05,-0.0002815771799770759,0.00011365957452534947
17,10,20,0.005,66,3.84304179508468e-06,4.2315896173145645e-06,CONVERGENCE: RELATIVE REDUCTION OF F <= FACTR*EPSMCH,-8.498917008095781e-07,0.004947967058773273,-5.436492551658761e-07,-0.00017961694302425052,1.7424932060281625e-05,-6.84428326147446e-05,0.0001958278871685328,0.00020575483334780574,-0.00014762363917110972,-0.00012257068952540264
18,10,20,0.005,50,4.153372342991542e-06,4.4871683836343245e-06,CONVERGENCE: RELATIVE REDUCTION OF F <= FACTR*EPSMCH,2.4006250102944937e-06,0.0049702868674628056,-1.5401378614551505e-06,-0.00017159975089290776,3.9754862163897674e-05,-2.559036070451503e-05,-0.0004241949783555485,5.700801405883388e-05,-0.0014337691767955197,0.0004171674779693073
19,10,20,0.005,141,3.8330024221749725e-06,4.222865456014297e-06,ABNORMAL: ,6.317167057454498e-07,0.004950695204690678,-6.024286736754311e-07,-0.00018484828629276168,2.612613416411453e-05,2.361569123269498e-05,-3.885043071672646e-05,-9.125498264889458e-05,3.151727769400269e-05,-9.469602743094759e-05
20,10,20,0.005,129,3.946477487870569e-06,4.2454251423322055e-06,ABNORMAL: ,3.562690159649749e-06,0.004954111878239269,6.368440101101183e-06,-0.0001816502392387191,-2.3696381267174893e-05,-7.267330647198607e-05,-0.0001761366681553741,0.00011646268436635681,1.591579032464924e-05,0.0005530649041546692
21,10,20,0.005,75,3.861545648065094e-06,4.2237357204309685e-06,ABNORMAL: ,2.0289347364004417e-08,0.004950713808427781,-1.3614322816374355e-07,-0.00018637532581550738,-7.326310599630972e-07,4.0151584006492345e-05,-2.296594745249503e-06,-0.00012272906384215357,6.7028403566967395e-06,-4.6660437458938334e-05
22,10,20,0.005,29,3.958813442393262e-06,4.252242536678285e-06,ABNORMAL: ,5.247378475808937e-07,0.004946600027854338,-2.8417238958195325e-06,-0.00018082668796741677,-8.04476867815598e-05,-0.00012066651162004734,-5.0716538607531324e-05,0.00037849217146873507,0.000261977627600718,8.606925271487457e-05
23,10,20,0.005,15,5.032886174155695e-06,5.2716318826512174e-06,CONVERGENCE: RELATIVE REDUCTION OF F <= FACTR*EPSMCH,-2.6120831222506076e-05,0.0049908429966541495,1.2124503650684857e-06,-0.0001513090613572938,6.737763373486607e-05,0.00010516420462340272,0.0011053516220747284,-0.0009109632277184572,0.0022434146877169533,0.0011104249518464383
24,10,20,0.005,0,nan,nan,Forward failed: overflow encountered in multiply,nan,nan,nan,nan,nan,nan,nan,nan,nan,nan
25,10,20,0.005,78,3.918971026663982e-06,4.218370606216618e-06,ABNORMAL: ,6.73810370790892e-07,0.004953656009942547,1.8128836564927388e-06,-0.00018487773142312054,-4.407783643245446e-05,-1.554287395711149e-05,-0.00011149250025326326,1.8680405981049787e-05,-0.00012436647210897132,2.317803207145415e-05
26,10,20,0.005,92,4.002625465795761e-06,4.242664789256827e-06,ABNORMAL: ,1.272695110630924e-06,0.004953596440091518,-3.946491522630809e-07,-0.00017935637690290085,-7.145220462734986e-05,4.0138266291501566e-05,5.4344384530070546e-05,-0.00014360571752635262,-0.00022530647193815925,0.0002659814129046397
27,10,20,0.005,59,3.9576820841929e-06,4.215501075940237e-06,CONVERGENCE: RELATIVE REDUCTION OF F <= FACTR*EPSMCH,3.52340415895957e-07,0.0049539364090358294,5.712054335352318e-06,-0.0001856810490541374,-2.850029557709543e-05,-8.53216274250303e-06,-0.0001138356802438632,1.8216566141927344e-05,-0.0001052778889345235,5.9201755389235386e-05
28,10,20,0.005,117,4.003923756080865e-06,4.2465333063688865e-06,ABNORMAL: ,9.041361837455581e-07,0.004951248758281652,-6.616520899826366e-06,-0.0001840290314601816,0.0001066435213179774,0.00011773809311053938,-0.0001127037808346994,-1.0033526767647335e-05,0.00018983734098940142,-3.475813730679499e-05
29,10,20,0.005,55,3.988944988877653e-06,4.228845100856444e-06,ABNORMAL: ,1.3816628858615496e-06,0.004954045260743103,4.9855624667175345e-06,-0.00018044442097188556,-1.4865620839272565e-05,-3.979529016390648e-05,-0.00013899971098128852,-0.00014666906967375037,3.2217125835156314e-05,3.965539749212304e-05
30,10,20,0.005,67,4.005291435343195e-06,4.224146377930157e-06,ABNORMAL: ,-2.9368229814497963e-07,0.0049525365187315495,3.0395592362108354e-06,-0.0001793988043976164,-3.431326539596488e-05,-3.6055708482120043e-05,0.0001750886183746794,-2.4271715227190504e-05,-0.0001158452279911219,6.125246650333999e-06
31,10,20,0.005,86,3.994569367607308e-06,4.212453338619445e-06,ABNORMAL: ,5.263452535527997e-07,0.004953794184108047,-5.034991099185577e-06,-0.00018619037761356496,-2.678791925940996e-05,-2.9164657992574015e-05,0.0001605407732319544,0.00010617186634965857,-4.375702518451273e-05,-0.00010062440483570626
32,10,20,0.005,58,4.09416847853471e-06,4.248070920557306e-06,CONVERGENCE: RELATIVE REDUCTION OF F <= FACTR*EPSMCH,-1.713744519192859e-06,0.004950514778136778,-3.2314312960293147e-06,-0.00018526374820439248,4.881497344744972e-05,9.053478569590421e-05,3.0238386067545474e-05,0.0004336031319954521,-0.00034661505761832915,-0.0003342637939055481
33,10,20,0.005,72,4.0529106543662415e-06,4.21331239594766e-06,ABNORMAL: ,-2.410913837104529e-06,0.004952208018554663,5.708038493642193e-06,-0.00018213981742481826,-4.985152914829275e-06,6.1028125597241496e-05,-1.3569836022193097e-05,0.0001471982358732956,5.0605154866436414e-05,-0.0001528403497734682
34,10,20,0.005,90,4.090217810920276e-06,4.223061716237563e-06,ABNORMAL: ,-4.6360624128195565e-07,0.00495737532606608,2.6960003653464954e-06,-0.00018530402033324568,1.3999222085181116e-05,5.309221004474463e-05,0.0001914164787313248,0.00015454621711368942,0.00023938206620524545,-3.389542688924175e-05
35,10,20,0.005,61,4.176224015478143e-06,4.290728381636793e-06,ABNORMAL: ,-6.426747076852475e-07,0.004954104485427911,-1.4260904266675212e-06,-0.00018235696079033987,1.0994204886521184e-05,4.711402992964368e-05,1.6825879584800132e-05,3.855961179140368e-05,-0.0007583861130486015,-0.0003587713995944508
36,10,20,0.005,58,4.139141118892205e-06,4.24483591281726e-06,ABNORMAL: ,-1.1236791724244787e-06,0.0049559125613433275,4.867607043708173e-06,-0.0001909393949990799,-0.00011459923765552302,1.9396116054106933e-05,-8.170130693819827e-06,-0.0002460823761533004,5.349551985342588e-05,0.000222929508927614
37,10,20,0.005,86,4.120651075225125e-06,4.216654695328073e-06,ABNORMAL: ,-2.2156732280311696e-06,0.0049562665299966975,2.2741949550030313e-06,-0.00018426775265244056,-2.0802775881499404e-05,-5.1472218822259484e-05,0.00010154403363840481,5.944655400976733e-05,-7.398163933293572e-05,0.00034468967008585705
38,10,20,0.005,62,4.113002082935489e-06,4.217104229301857e-06,ABNORMAL: ,-1.8072965627144222e-06,0.0049564257152179885,-1.8537493927678798e-06,-0.00018663555794753113,-4.1955329978538824e-05,-4.709830115343526e-05,-0.00010061355871691103,-1.9193026457942856e-05,-5.332426279536132e-05,-7.047525582435544e-05
39,10,20,0.005,16,4.306686098465857e-06,4.37444973361852e-06,CONVERGENCE: RELATIVE REDUCTION OF F <= FACTR*EPSMCH,5.79172562159083e-06,0.004943138779925861,3.797570660642195e-06,-0.00017990044630751924,-1.671451801084641e-05,-7.7240312798761e-05,-0.0005627123662359614,-0.00025924299842504834,0.0006146882880441883,0.000716554850832415
40,10,20,0.005,39,4.349305630869811e-06,4.404076693480559e-06,ABNORMAL: ,-6.382429889754361e-07,0.004960570113381365,-3.2060495846495363e-07,-0.00017981283916582757,1.9642442011052115e-05,3.909477811806591e-05,-5.868009614505608e-05,0.00016132197275149667,0.0008274101061600273,0.0010960079706275872
41,10,20,0.005,47,4.1866029252418256e-06,4.2421635632972475e-06,ABNORMAL: ,3.237318970683772e-07,0.004958824668385331,-1.0083671073901838e-07,-0.00018495068379262842,-0.00013850319786063253,6.7850262249066375e-06,4.256080785940278e-05,0.0003661164072520409,0.00035847194251560285,0.0003008133525153138
42,10,20,0.005,20,4.183116793213381e-06,4.248482816008821e-06,ABNORMAL: ,-1.6245448164299063e-07,0.004961443235089347,-1.4740466098835504e-06,-0.00018075624877808468,-8.321298116433621e-05,-5.025989903432201e-05,-0.00022938835189285185,2.0570759370580764e-05,-0.0002852154513355142,-0.00011806660084174084
43,10,20,0.005,37,4.2076955159192005e-06,4.2570162101391025e-06,ABNORMAL: ,1.9958427795786013e-06,0.004961842667420961,6.509130561842957e-06,-0.00018097154268259695,-5.40214155300628e-05,-2.525479174899654e-05,-0.00024899557591761325,1.5347682982279707e-05,-0.00034144289589157595,-0.00032988115076539005
44,10,20,0.005,65,4.3627185408162675e-06,4.3964811853750975e-06,ABNORMAL: ,-6.0755095254872636e-06,0.0049673885252305055,-5.879416506873859e-06,-0.00018432078131888757,-2.83833498466568e-06,-0.00010654760363441556,0.00045368497518634226,4.4978194279726755e-05,0.0004939212170575265,0.0011117017252768656
45,10,20,0.005,39,4.1810613920255205e-06,4.216642028119777e-06,ABNORMAL: ,2.301922836012185e-06,0.00495905994515202,9.299810829113354e-07,-0.00018767927844804178,-6.992652498244191e-05,-1.797847067932329e-05,-5.3456111036009195e-05,0.00021277598765619252,7.32549028684007e-05,0.0003736142434135527
46,10,20,0.005,9,4.283493663278316e-06,4.309674264480617e-06,CONVERGENCE: RELATIVE REDUCTION OF F <= FACTR*EPSMCH,1.143089072147432e-06,0.004961356091539345,-3.7832355692234886e-06,-0.00017909786291398711,2.6229624597749436e-05,0.00015548032882316745,0.00013285607309760145,-4.9484019070048765e-05,0.0004940742455972128,-0.000704380430513516
47,10,20,0.005,51,4.204703090379638e-06,4.237673238912201e-06,ABNORMAL: ,1.613445136925959e-06,0.004956457776133671,-7.167783993130641e-08,-0.00019112960979844766,-1.1862744577148113e-06,-3.873895392263065e-07,-7.044402475895525e-05,-0.00022452236460881127,-0.00010426424035695664,0.0003940116470477642
48,10,20,0.005,3,0.004314145737512414,0.004314608414454509,CONVERGENCE: RELATIVE REDUCTION OF F <= FACTR*EPSMCH,0.001,7.516707747417216e-22,-1.4850280661571465e-23,2.5094700537001342e-23,-2.372088089888758e-20,-3.9774753851146465e-21,3.742170411941814e-21,-3.0052427553477223e-20,-2.051993115706974e-21,-1.4390851363664991e-21
49,10,20,0.005,38,4.240181680399698e-06,4.25909416363643e-06,ABNORMAL: ,3.2333784959881345e-07,0.0049553195316122435,-2.904995368543941e-06,-0.0001951261231264072,4.0068522744961355e-05,0.0001684966116383226,-1.958171454282659e-05,0.0001536486246359141,-0.0002560803263947454,-0.0005590105929797078
50,10,20,0.005,71,4.242720892950511e-06,4.257041443525826e-06,ABNORMAL: ,1.2841073889439003e-07,0.004957294259437283,1.5539604085636179e-06,-0.0001840493222667267,0.00012218048872991073,-5.321933237186991e-06,-3.223928914438655e-05,0.00010550185810911677,-0.0004697116099765976,-0.0004918510983783298
51,10,20,0.005,50,4.257166395603306e-06,4.271473360156251e-06,CONVERGENCE: RELATIVE REDUCTION OF F <= FACTR*EPSMCH,-3.3387940440743493e-06,0.004961087324981078,-1.76288299549909e-06,-0.00018998848775740666,0.00011449928882454574,-1.7541468365170094e-05,-0.0002318815901383049,-0.0003409014110229917,-0.0001761994637612558,0.00010974703692686816
52,10,20,0.005,42,4.190924340636692e-06,4.205744935689531e-06,CONVERGENCE: RELATIVE REDUCTION OF F <= FACTR*EPSMCH,1.3978363421928384e-06,0.0049580964262975315,3.9793298349020585e-06,-0.0001857727513903789,-2.7326502917602476e-05,-2.590810171537088e-05,-9.501351602823187e-05,9.57747702231486e-05,1.3786560486042164e-05,-0.00011577520068759166
53,10,20,0.005,47,4.33418758130001e-06,4.339326720750715e-06,ABNORMAL: ,-1.3111722374256817e-06,0.004953408060662506,1.3546317348101767e-06,-0.00018049533671634025,-1.6141774479709934e-05,1.2260817522154637e-05,0.00023287775420847542,-0.0003653583331593232,-3.6473984468245e-05,0.000997269776219237
54,10,20,0.005,0,0.004314304184052686,0.004314608414465923,ABNORMAL: ,0.001,0.0,0.0,0.0,0.0,0.0,0.0,0.0,0.0,0.0
55,10,20,0.005,107,4.224726755766216e-06,4.2312592640890664e-06,CONVERGENCE: RELATIVE REDUCTION OF F <= FACTR*EPSMCH,1.2076839669404246e-07,0.00495652941996574,-1.227236425468005e-07,-0.00018778187890521248,-0.00011695613983845113,9.145256406114987e-05,0.00014646232223541005,0.00013954345842943856,-1.5280437935344858e-05,-0.00026536673071404164
56,10,20,0.005,64,4.235179714311156e-06,4.241416985987384e-06,ABNORMAL: ,-1.0359076984337049e-06,0.004956339966854847,-7.999291826131204e-07,-0.00018460599447179328,0.0001185630866873736,-1.1547692802778767e-05,-0.00011922588685506548,2.3182849871663823e-05,0.00020180159565482935,-0.00027296026625985703
57,10,20,0.005,0,nan,nan,Forward failed: overflow encountered in multiply,nan,nan,nan,nan,nan,nan,nan,nan,nan,nan
58,10,20,0.005,0,nan,nan,Forward failed: overflow encountered in multiply,nan,nan,nan,nan,nan,nan,nan,nan,nan,nan
59,10,20,0.005,0,nan,nan,Forward failed: overflow encountered in multiply,nan,nan,nan,nan,nan,nan,nan,nan,nan,nan
60,10,20,0.005,0,nan,nan,Forward failed: overflow encountered in multiply,nan,nan,nan,nan,nan,nan,nan,nan,nan,nan
61,10,20,0.005,0,nan,nan,Forward failed: overflow encountered in multiply,nan,nan,nan,nan,nan,nan,nan,nan,nan,nan
62,10,20,0.005,0,nan,nan,Forward failed: overflow encountered in multiply,nan,nan,nan,nan,nan,nan,nan,nan,nan,nan
63,10,20,0.005,3,0.0043145329331759,0.004314608414461292,CONVERGENCE: RELATIVE REDUCTION OF F <= FACTR*EPSMCH,0.0009999999999999998,1.8495839573140217e-20,-7.116546050779594e-18,-5.652579094575537e-20,2.8378550763490704e-16,-1.3085502610289762e-15,1.900499579968158e-15,2.1657391433317287e-14,-1.3468408691561253e-14,5.951367285119164e-14
64,10,20,0.005,0,nan,nan,Forward failed: overflow encountered in multiply,nan,nan,nan,nan,nan,nan,nan,nan,nan,nan
65,10,20,0.005,0,nan,nan,Forward failed: overflow encountered in multiply,nan,nan,nan,nan,nan,nan,nan,nan,nan,nan
66,10,20,0.005,0,0.004314544459693673,0.004314608414465923,ABNORMAL: ,0.001,0.0,0.0,0.0,0.0,0.0,0.0,0.0,0.0,0.0
67,10,20,0.005,0,0.004314557573723085,0.004314608414465923,ABNORMAL: ,0.001,0.0,0.0,0.0,0.0,0.0,0.0,0.0,0.0,0.0
68,10,20,0.005,1,0.004314563158896877,0.004314608414465923,CONVERGENCE: RELATIVE REDUCTION OF F <= FACTR*EPSMCH,0.001,0.0,0.0,0.0,0.0,0.0,0.0,0.0,0.0,0.0
69,10,20,0.005,0,nan,nan,Forward failed: Non-finite forward objective.,nan,nan,nan,nan,nan,nan,nan,nan,nan,nan
70,10,20,0.005,0,nan,nan,Forward failed: Non-finite forward objective.,nan,nan,nan,nan,nan,nan,nan,nan,nan,nan
71,10,20,0.005,0,nan,nan,Forward failed: Non-finite forward objective.,nan,nan,nan,nan,nan,nan,nan,nan,nan,nan
72,10,20,0.005,0,nan,nan,Forward failed: Non-finite forward objective.,nan,nan,nan,nan,nan,nan,nan,nan,nan,nan
73,10,20,0.005,0,nan,nan,Forward failed: Non-finite forward objective.,nan,nan,nan,nan,nan,nan,nan,nan,nan,nan
74,10,20,0.005,0,nan,nan,Forward failed: Non-finite forward objective.,nan,nan,nan,nan,nan,nan,nan,nan,nan,nan
75,10,20,0.005,0,nan,nan,Forward failed: Non-finite forward objective.,nan,nan,nan,nan,nan,nan,nan,nan,nan,nan
76,10,20,0.005,0,nan,nan,Forward failed: Non-finite forward objective.,nan,nan,nan,nan,nan,nan,nan,nan,nan,nan
77,10,20,0.005,0,nan,nan,Forward failed: Non-finite forward objective.,nan,nan,nan,nan,nan,nan,nan,nan,nan,nan
78,10,20,0.005,0,nan,nan,Forward failed: Non-finite forward objective.,nan,nan,nan,nan,nan,nan,nan,nan,nan,nan
79,10,20,0.005,0,nan,nan,Forward failed: Non-finite forward objective.,nan,nan,nan,nan,nan,nan,nan,nan,nan,nan
80,10,20,0.005,0,nan,nan,Forward failed: Non-finite forward objective.,nan,nan,nan,nan,nan,nan,nan,nan,nan,nan
81,10,20,0.005,0,nan,nan,Forward failed: Non-finite forward objective.,nan,nan,nan,nan,nan,nan,nan,nan,nan,nan
82,10,20,0.005,0,nan,nan,Forward failed: Non-finite forward objective.,nan,nan,nan,nan,nan,nan,nan,nan,nan,nan
83,10,20,0.005,0,nan,nan,Forward failed: Non-finite forward objective.,nan,nan,nan,nan,nan,nan,nan,nan,nan,nan
84,10,20,0.005,0,nan,nan,Forward failed: Non-finite forward objective.,nan,nan,nan,nan,nan,nan,nan,nan,nan,nan
85,10,20,0.005,0,nan,nan,Forward failed: Non-finite forward objective.,nan,nan,nan,nan,nan,nan,nan,nan,nan,nan
86,10,20,0.005,0,nan,nan,Forward failed: Non-finite forward objective.,nan,nan,nan,nan,nan,nan,nan,nan,nan,nan
87,10,20,0.005,0,nan,nan,Forward failed: Non-finite forward objective.,nan,nan,nan,nan,nan,nan,nan,nan,nan,nan
88,10,20,0.005,0,nan,nan,Forward failed: Non-finite forward objective.,nan,nan,nan,nan,nan,nan,nan,nan,nan,nan
89,10,20,0.005,0,nan,nan,Forward failed: Non-finite forward objective.,nan,nan,nan,nan,nan,nan,nan,nan,nan,nan
90,10,20,0.005,0,nan,nan,Forward failed: Non-finite forward objective.,nan,nan,nan,nan,nan,nan,nan,nan,nan,nan
91,10,20,0.005,0,nan,nan,Forward failed: Non-finite forward objective.,nan,nan,nan,nan,nan,nan,nan,nan,nan,nan
92,10,20,0.005,0,nan,nan,Forward failed: Non-finite forward objective.,nan,nan,nan,nan,nan,nan,nan,nan,nan,nan
93,10,20,0.005,0,nan,nan,Forward failed: Non-finite forward objective.,nan,nan,nan,nan,nan,nan,nan,nan,nan,nan
94,10,20,0.005,0,nan,nan,Forward failed: Non-finite forward objective.,nan,nan,nan,nan,nan,nan,nan,nan,nan,nan
95,10,20,0.005,0,nan,nan,Forward failed: Non-finite forward objective.,nan,nan,nan,nan,nan,nan,nan,nan,nan,nan
96,10,20,0.005,0,nan,nan,Forward failed: Non-finite forward objective.,nan,nan,nan,nan,nan,nan,nan,nan,nan,nan
97,10,20,0.005,0,nan,nan,Forward failed: Non-finite forward objective.,nan,nan,nan,nan,nan,nan,nan,nan,nan,nan
98,10,20,0.005,0,nan,nan,Forward failed: Non-finite forward objective.,nan,nan,nan,nan,nan,nan,nan,nan,nan,nan
99,10,20,0.005,0,nan,nan,Forward failed: Non-finite forward objective.,nan,nan,nan,nan,nan,nan,nan,nan,nan,nan
100,10,20,0.005,0,nan,nan,Forward failed: Non-finite forward objective.,nan,nan,nan,nan,nan,nan,nan,nan,nan,nan
101,10,20,0.005,0,nan,nan,Forward failed: Non-finite forward objective.,nan,nan,nan,nan,nan,nan,nan,nan,nan,nan
102,10,20,0.005,0,nan,nan,Forward failed: Non-finite forward objective.,nan,nan,nan,nan,nan,nan,nan,nan,nan,nan
103,10,20,0.005,0,nan,nan,Forward failed: Non-finite forward objective.,nan,nan,nan,nan,nan,nan,nan,nan,nan,nan
104,10,20,0.005,0,nan,nan,Forward failed: Non-finite forward objective.,nan,nan,nan,nan,nan,nan,nan,nan,nan,nan
105,10,20,0.005,0,nan,nan,Forward failed: Non-finite forward objective.,nan,nan,nan,nan,nan,nan,nan,nan,nan,nan
106,10,20,0.005,0,nan,nan,Forward failed: Non-finite forward objective.,nan,nan,nan,nan,nan,nan,nan,nan,nan,nan
107,10,20,0.005,0,nan,nan,Forward failed: Non-finite forward objective.,nan,nan,nan,nan,nan,nan,nan,nan,nan,nan
108,10,20,0.005,0,nan,nan,Forward failed: Non-finite forward objective.,nan,nan,nan,nan,nan,nan,nan,nan,nan,nan
109,10,20,0.005,0,nan,nan,Forward failed: Non-finite forward objective.,nan,nan,nan,nan,nan,nan,nan,nan,nan,nan
110,10,20,0.005,0,nan,nan,Forward failed: Non-finite forward objective.,nan,nan,nan,nan,nan,nan,nan,nan,nan,nan
111,10,20,0.005,0,nan,nan,Forward failed: Non-finite forward objective.,nan,nan,nan,nan,nan,nan,nan,nan,nan,nan
112,10,20,0.005,0,nan,nan,Forward failed: Non-finite forward objective.,nan,nan,nan,nan,nan,nan,nan,nan,nan,nan
113,10,20,0.005,0,nan,nan,Forward failed: Non-finite forward objective.,nan,nan,nan,nan,nan,nan,nan,nan,nan,nan
114,10,20,0.005,0,nan,nan,Forward failed: Non-finite forward objective.,nan,nan,nan,nan,nan,nan,nan,nan,nan,nan
115,10,20,0.005,0,nan,nan,Forward failed: Non-finite forward objective.,nan,nan,nan,nan,nan,nan,nan,nan,nan,nan
116,10,20,0.005,0,nan,nan,Forward failed: Non-finite forward objective.,nan,nan,nan,nan,nan,nan,nan,nan,nan,nan
117,10,20,0.005,0,nan,nan,Forward failed: Non-finite forward objective.,nan,nan,nan,nan,nan,nan,nan,nan,nan,nan
118,10,20,0.005,0,nan,nan,Forward failed: Non-finite forward objective.,nan,nan,nan,nan,nan,nan,nan,nan,nan,nan
119,10,20,0.005,0,nan,nan,Forward failed: Non-finite forward objective.,nan,nan,nan,nan,nan,nan,nan,nan,nan,nan
120,10,20,0.005,0,nan,nan,Forward failed: Non-finite forward objective.,nan,nan,nan,nan,nan,nan,nan,nan,nan,nan
121,10,20,0.005,0,nan,nan,Forward failed: Non-finite forward objective.,nan,nan,nan,nan,nan,nan,nan,nan,nan,nan
122,10,20,0.005,0,nan,nan,Forward failed: Non-finite forward objective.,nan,nan,nan,nan,nan,nan,nan,nan,nan,nan
123,10,20,0.005,0,nan,nan,Forward failed: Non-finite forward objective.,nan,nan,nan,nan,nan,nan,nan,nan,nan,nan
124,10,20,0.005,0,nan,nan,Forward failed: Non-finite forward objective.,nan,nan,nan,nan,nan,nan,nan,nan,nan,nan
125,10,20,0.005,0,nan,nan,Forward failed: Non-finite forward objective.,nan,nan,nan,nan,nan,nan,nan,nan,nan,nan
126,10,20,0.005,0,nan,nan,Forward failed: Non-finite forward objective.,nan,nan,nan,nan,nan,nan,nan,nan,nan,nan
127,10,20,0.005,0,nan,nan,Forward failed: Non-finite forward objective.,nan,nan,nan,nan,nan,nan,nan,nan,nan,nan
128,10,20,0.005,0,nan,nan,Forward failed: Non-finite forward objective.,nan,nan,nan,nan,nan,nan,nan,nan,nan,nan
